Workbook

Sheet Sheet1
A1: ENGINEER II SHIFTING SCHEDULE
A2: For the month of January 2024
A3: Name of | B3: MON | C3: TUE | D3: WED | E3: THU | F3: FRI | G3: SAT | H3: SUN | I3: MON | J3: TUE | K3: WED | L3: THU | M3: FRI | N3: SAT | O3: SUN | P3: MON | Q3: TUE | R3: WED | S3: THU | T3: FRI | U3: SAT | V3: SUN | W3: MON | X3: TUE | Y3: WED | Z3: THU | AA3: FRI | AB3: SAT | AC3: SUN | AD3: MON | AE3: TUE | AF3: WED
A4: Personnel | B4: 1 | C4: 2 | D4: 3 | E4: 4 | F4: 5 | G4: 6 | H4: 7 | I4: 8 | J4: 9 | K4: 10 | L4: 11 | M4: 12 | N4: 13 | O4: 14 | P4: 15 | Q4: 16 | R4: 17 | S4: 18 | T4: 19 | U4: 20 | V4: 21 | W4: 22 | X4: 23 | Y4: 24 | Z4: 25 | AA4: 26 | AB4: 27 | AC4: 28 | AD4: 29 | AE4: 30 | AF4: 31 | AG4: 24
A5: MACUNTE | B5: DO | C5: R | D5: R | E5: R | F5: R | G5: 2 | H5: DO | I5: R | J5: R | K5: R | L5: R | M5: R | N5: DO | O5: 2 | P5: R | Q5: R | R5: R | S5: R | T5: R | U5: DO | V5: 2 | W5: R | X5: R | Y5: R | Z5: R | AA5: R | AB5: DO | AC5: 2 | AD5: R | AE5: R | AF5: R | AG5: =AR5 -> 26 | AH5: =COUNTIF($B5:$AF5,4) -> 0 | AJ5: =COUNTIF($B5:$AF5,3) -> 0 | AK5: =COUNTIF($B5:$AF5,1) -> 0 | AL5: =COUNTIF($B5:$AF5,2) -> 4 | AM5: =COUNTIF($B5:$AF5,"DO") -> 5 | AN5: =COUNTIF($B5:$AF5,"R") -> 22 | AO5: =COUNTIF($B5:$AF5,4) -> 0 | AP5: =COUNTIF($B5:$AF5,5) -> 0 | AQ5: =SUM(AJ5:AN5) -> 31 | AR5: =AP5+AO5+AN5+AL5+AK5+AJ5+((AH5+AI5)/2) -> 26
A7: ALFECHE | B7: 2 | C7: 5 | D7: 1 | E7: 2 | F7: 3 | G7: 1 | H7: 5 | I7: 1 | J7: 3 | K7: 1 | L7: 3 | M7: 4 | N7: DO | O7: 3 | P7: 1 | Q7: 2 | R7: 3 | S7: 1 | T7: 2 | U7: 3 | V7: 1 | W7: DO | X7: 3 | Y7: 1 | Z7: 3 | AA7: 4 | AB7: DO | AC7: DO | AD7: 3 | AE7: 4 | AF7: 5 | AG7: =AR7 -> 30 | AH7: =COUNTIF($B7:$AF7,4) -> 3 | AI7: =COUNTIF($B7:$AF7,5) -> 3 | AJ7: =COUNTIF($B7:$AF7,3) -> 9 | AK7: =COUNTIF($B7:$AF7,1) -> 8 | AL7: =COUNTIF($B7:$AF7,2) -> 4 | AM7: =COUNTIF($B7:$AF7,"DO") -> 4 | AN7: =COUNTIF($B7:$AF7,"R") -> 0 | AO7: =COUNTIF($B7:$AF7,4) -> 3 | AP7: =COUNTIF($B7:$AF7,5) -> 3 | AQ7: =SUM(AJ7:AN7) -> 25 | AR7: =AP7+AO7+AN7+AL7+AK7+AJ7+((AH7+AI7)/2) -> 30
A9: MICABALO | B9: 3 | C9: 4 | D9: 2 | E9: 3 | F9: 1 | G9: 3 | H9: 1 | I9: 3 | J9: 4 | K9: 2 | L9: DO | M9: 3 | N9: 1 | O9: 3 | P9: 4 | Q9: 3 | R9: 1 | S9: 3 | T9: 1 | U9: 5 | V9: 1 | W9: 3 | X9: 1 | Y9: 3 | Z9: 1 | AA9: DO | AB9: 3 | AC9: 1 | AD9: 2 | AE9: DO | AF9: DO | AG9: =AR9 -> 29 | AH9: =COUNTIF($B9:$AF9,4) -> 3 | AI9: =COUNTIF($B9:$AF9,5) -> 1 | AJ9: =COUNTIF($B9:$AF9,3) -> 11 | AK9: =COUNTIF($B9:$AF9,1) -> 9 | AL9: =COUNTIF($B9:$AF9,2) -> 3 | AM9: =COUNTIF($B9:$AF9,"DO") -> 4 | AN9: =COUNTIF($B9:$AF9,"R") -> 0 | AO9: =COUNTIF($B9:$AF9,4) -> 3 | AP9: =COUNTIF($B9:$AF9,5) -> 1 | AQ9: =SUM(AJ9:AN9) -> 27 | AR9: =AP9+AO9+AN9+AL9+AK9+AJ9+((AH9+AI9)/2) -> 29
A11: PACTURANAN | B11: 3 | C11: 1 | D11: 3 | E11: 1 | F11: 5 | G11: 1 | H11: 3 | I11: 4 | J11: 5 | K11: 1 | L11: 2 | M11: DO | N11: 2 | O11: DO | P11: 5 | Q11: 1 | R11: 2 | S11: 3 | T11: 1 | U11: DO | V11: DO | W11: 5 | X11: 1 | Y11: 3 | Z11: 1 | AA11: 3 | AB11: 1 | AC11: DO | AD11: 3 | AE11: 1 | AF11: 3 | AG11: =AR11 -> 28.5 | AH11: =COUNTIF($B11:$AF11,4) -> 1 | AI11: =COUNTIF($B11:$AF11,5) -> 4 | AJ11: =COUNTIF($B11:$AF11,3) -> 8 | AK11: =COUNTIF($B11:$AF11,1) -> 10 | AL11: =COUNTIF($B11:$AF11,2) -> 3 | AM11: =COUNTIF($B11:$AF11,"DO") -> 5 | AN11: =COUNTIF($B11:$AF11,"R") -> 0 | AO11: =COUNTIF($B11:$AF11,4) -> 1 | AP11: =COUNTIF($B11:$AF11,5) -> 4 | AQ11: =SUM(AJ11:AN11) -> 26 | AR11: =AP11+AO11+AN11+AL11+AK11+AJ11+((AH11+AI11)/2) -> 28.5
A13: RUDINAS | B13: DO | C13: 3 | D13: 1 | E13: 3 | F13: 4 | G13: 3 | H13: 4 | I13: DO | J13: DO | K13: DO | L13: DO | M13: DO | N13: 3 | O13: 1 | P13: DO | Q13: 3 | R13: 1 | S13: 2 | T13: 3 | U13: 1 | V13: 3 | W13: 1 | X13: 2 | Y13: 2 | Z13: 3 | AA13: 1 | AB13: DO | AC13: 3 | AD13: 1 | AE13: 3 | AF13: 4 | AG13: =AR13 -> 24.5 | AH13: =COUNTIF($B13:$AF13,4) -> 3 | AI13: =COUNTIF($B13:$AF13,5) -> 0 | AJ13: =COUNTIF($B13:$AF13,3) -> 10 | AK13: =COUNTIF($B13:$AF13,1) -> 7 | AL13: =COUNTIF($B13:$AF13,2) -> 3 | AM13: =COUNTIF($B13:$AF13,"DO") -> 8 | AN13: =COUNTIF($B13:$AF13,"R") -> 0 | AO13: =COUNTIF($B13:$AF13,4) -> 3 | AP13: =COUNTIF($B13:$AF13,5) -> 0 | AQ13: =SUM(AJ13:AN13) -> 28 | AR13: =AP13+AO13+AN13+AL13+AK13+AJ13+((AH13+AI13)/2) -> 24.5
A15: LUSPO | B15: 1 | C15: DO | D15: 3 | E15: 1 | F15: DO | G15: DO | H15: DO | I15: 5 | J15: 1 | K15: 3 | L15: 1 | M15: 5 | N15: 1 | O15: DO | P15: DO | Q15: DO | R15: DO | S15: R | T15: 3 | U15: 4 | V15: 3 | W15: 4 | X15: 3 | Y15: 1 | Z15: 2 | AA15: 2 | AB15: 2 | AC15: 3 | AD15: 1 | AE15: 5 | AF15: 1 | AG15: =AR15 -> 25.5 | AH15: =COUNTIF($B15:$AF15,4) -> 2 | AI15: =COUNTIF($B15:$AF15,5) -> 3 | AJ15: =COUNTIF($B15:$AF15,3) -> 6 | AK15: =COUNTIF($B15:$AF15,1) -> 8 | AL15: =COUNTIF($B15:$AF15,2) -> 3 | AM15: =COUNTIF($B15:$AF15,"DO") -> 8 | AN15: =COUNTIF($B15:$AF15,"R") -> 1 | AO15: =COUNTIF($B15:$AF15,4) -> 2 | AP15: =COUNTIF($B15:$AF15,5) -> 3 | AQ15: =SUM(AJ15:AN15) -> 26 | AR15: =AP15+AO15+AN15+AL15+AK15+AJ15+((AH15+AI15)/2) -> 25.5
A18: Legend: | D18: 1 | E18: - | F18: 0000H | H18: - | I18: 0800H | M18: R | N18: - | O18: 0800H | Q18: - | R18: 1700H
D19: 2 | E19: - | F19: 0800H | H19: - | I19: 1600H | M19: DO | N19: - | O19: Day off
D20: 3 | E20: - | F20: 1600H | H20: - | I20: 2400H
D21: 4 | E21: - | F21: 0000H | H21: - | I21: 1200H
D22: 5 | E22: - | F22: 1200H | H22: - | I22: 0000H
A24: Prepared By: | L24: Reviewed By: | Y24: Noted By:
B26: J.O.H. LUSPO | N26: E.L. ADIONG | AA26: D.R.B. CAIRO
B27: Engineer II | N27: Prin. Engr. A, GPD | AA27: Acting-Division Manager, GPD
A30: ENGINEER II SHIFTING SCHEDULE
A31: For the month of February 2024
A32: Name of | B32: THU | C32: FRI | D32: SAT | E32: SUN | F32: MON | G32: TUE | H32: WED | I32: THU | J32: FRI | K32: SAT | L32: SUN | M32: MON | N32: TUE | O32: WED | P32: THU | Q32: FRI | R32: SAT | S32: SUN | T32: MON | U32: TUE | V32: WED | W32: THU | X32: FRI | Y32: SAT | Z32: SUN | AA32: MON | AB32: TUE | AC32: WED | AD32: THU
A33: Personnel | B33: 1 | C33: 2 | D33: 3 | E33: 4 | F33: 5 | G33: 6 | H33: 7 | I33: 8 | J33: 9 | K33: 10 | L33: 11 | M33: 12 | N33: 13 | O33: 14 | P33: 15 | Q33: 16 | R33: 17 | S33: 18 | T33: 19 | U33: 20 | V33: 21 | W33: 22 | X33: 23 | Y33: 24 | Z33: 25 | AA33: 26 | AB33: 27 | AC33: 28 | AD33: 29 | AG33: 24
A34: MACUNTE | B34: R | C34: R | D34: DO | E34: 2 | F34: R | G34: R | H34: R | I34: R | J34: R | K34: 2 | L34: DO | M34: R | N34: R | O34: R | P34: R | Q34: R | R34: DO | S34: 2 | T34: R | U34: R | V34: R | W34: R | X34: R | Y34: DO | Z34: 2 | AA34: R | AB34: R | AC34: R | AD34: R | AG34: =AR34 -> 25 | AH34: =COUNTIF($B34:$AF34,4) -> 0 | AJ34: =COUNTIF($B34:$AF34,3) -> 0 | AK34: =COUNTIF($B34:$AF34,1) -> 0 | AL34: =COUNTIF($B34:$AF34,2) -> 4 | AM34: =COUNTIF($B34:$AF34,"DO") -> 4 | AN34: =COUNTIF($B34:$AF34,"R") -> 21 | AO34: =COUNTIF($B34:$AF34,4) -> 0 | AP34: =COUNTIF($B34:$AF34,5) -> 0 | AQ34: =SUM(AJ34:AN34) -> 29 | AR34: =AP34+AO34+AN34+AL34+AK34+AJ34+((AH34+AI34)/2) -> 25
A36: ALFECHE | B36: 1 | C36: 2 | D36: DO | E36: 3 | F36: 4 | G36: 3 | H36: 1 | I36: 3 | J36: 4 | K36: 3 | L36: 1 | M36: 3 | N36: 1 | O36: DO | P36: 3 | Q36: 1 | R36: DO | S36: 3 | T36: 4 | U36: 5 | V36: 1 | W36: 3 | X36: 1 | Y36: 3 | Z36: 1 | AA36: 3 | AB36: 1 | AC36: 5 | AD36: 1 | AG36: =AR36 -> 28.5 | AH36: =COUNTIF($B36:$AF36,4) -> 3 | AI36: =COUNTIF($B36:$AF36,5) -> 2 | AJ36: =COUNTIF($B36:$AF36,3) -> 10 | AK36: =COUNTIF($B36:$AF36,1) -> 10 | AL36: =COUNTIF($B36:$AF36,2) -> 1 | AM36: =COUNTIF($B36:$AF36,"DO") -> 3 | AN36: =COUNTIF($B36:$AF36,"R") -> 0 | AO36: =COUNTIF($B36:$AF36,4) -> 3 | AP36: =COUNTIF($B36:$AF36,5) -> 2 | AQ36: =SUM(AJ36:AN36) -> 24 | AR36: =AP36+AO36+AN36+AL36+AK36+AJ36+((AH36+AI36)/2) -> 28.5
A38: MICABALO | B38: DO | C38: DO | D38: 3 | E38: 1 | F38: DO | G38: 2 | H38: 3 | I38: 1 | J38: R | K38: DO | L38: 2 | M38: 3 | N38: 1 | O38: 3 | P38: 1 | Q38: 3 | R38: 4 | S38: 3 | T38: 1 | U38: 3 | V38: 1 | W38: 2 | X38: 3 | Y38: 1 | Z38: 3 | AA38: 1 | AB38: 3 | AC38: 4 | AD38: 5 | AG38: =AR38 -> 26.5 | AH38: =COUNTIF($B38:$AF38,4) -> 2 | AI38: =COUNTIF($B38:$AF38,5) -> 1 | AJ38: =COUNTIF($B38:$AF38,3) -> 10 | AK38: =COUNTIF($B38:$AF38,1) -> 8 | AL38: =COUNTIF($B38:$AF38,2) -> 3 | AM38: =COUNTIF($B38:$AF38,"DO") -> 4 | AN38: =COUNTIF($B38:$AF38,"R") -> 1 | AO38: =COUNTIF($B38:$AF38,4) -> 2 | AP38: =COUNTIF($B38:$AF38,5) -> 1 | AQ38: =SUM(AJ38:AN38) -> 26 | AR38: =AP38+AO38+AN38+AL38+AK38+AJ38+((AH38+AI38)/2) -> 26.5
A40: PACTURANAN | B40: 4 | C40: 3 | D40: 1 | E40: DO | F40: 5 | G40: 1 | H40: 3 | I40: 1 | J40: R | K40: DO | L40: DO | M40: 2 | N40: 2 | O40: 5 | P40: 1 | Q40: 3 | R40: 1 | S40: DO | T40: 5 | U40: 1 | V40: 2 | W40: 3 | X40: 1 | Y40: 2 | Z40: DO | AA40: 2 | AB40: 3 | AC40: 1 | AD40: 3 | AG40: =AR40 -> 26 | AH40: =COUNTIF($B40:$AF40,4) -> 1 | AI40: =COUNTIF($B40:$AF40,5) -> 3 | AJ40: =COUNTIF($B40:$AF40,3) -> 6 | AK40: =COUNTIF($B40:$AF40,1) -> 8 | AL40: =COUNTIF($B40:$AF40,2) -> 5 | AM40: =COUNTIF($B40:$AF40,"DO") -> 5 | AN40: =COUNTIF($B40:$AF40,"R") -> 1 | AO40: =COUNTIF($B40:$AF40,4) -> 1 | AP40: =COUNTIF($B40:$AF40,5) -> 3 | AQ40: =SUM(AJ40:AN40) -> 25 | AR40: =AP40+AO40+AN40+AL40+AK40+AJ40+((AH40+AI40)/2) -> 26
A42: RUDINAS | B42: 3 | C42: 1 | D42: 2 | E42: 3 | F42: 1 | G42: 3 | H42: 1 | I42: 3 | J42: 1 | K42: 3 | L42: 1 | M42: DO | N42: 3 | O42: 1 | P42: 2 | Q42: 2 | R42: 5 | S42: 1 | T42: R | U42: DO | V42: 3 | W42: 1 | X42: 3 | Y42: 1 | Z42: 3 | AA42: 1 | AB42: 2 | AC42: 3 | AD42: 4 | AG42: =AR42 -> 28 | AH42: =COUNTIF($B42:$AF42,4) -> 1 | AI42: =COUNTIF($B42:$AF42,5) -> 1 | AJ42: =COUNTIF($B42:$AF42,3) -> 10 | AK42: =COUNTIF($B42:$AF42,1) -> 10 | AL42: =COUNTIF($B42:$AF42,2) -> 4 | AM42: =COUNTIF($B42:$AF42,"DO") -> 2 | AN42: =COUNTIF($B42:$AF42,"R") -> 1 | AO42: =COUNTIF($B42:$AF42,4) -> 1 | AP42: =COUNTIF($B42:$AF42,5) -> 1 | AQ42: =SUM(AJ42:AN42) -> 27 | AR42: =AP42+AO42+AN42+AL42+AK42+AJ42+((AH42+AI42)/2) -> 28
A44: LUSPO | B44: 5 | C44: 1 | D44: DO | E44: DO | F44: 3 | G44: 1 | H44: 2 | I44: 2 | J44: 5 | K44: 1 | L44: 3 | M44: 1 | N44: 3 | O44: 4 | P44: 3 | Q44: 1 | R44: DO | S44: DO | T44: 3 | U44: 4 | V44: 3 | W44: 1 | X44: 2 | Y44: 3 | Z44: 1 | AA44: 3 | AB44: 1 | AC44: R | AD44: R | AG44: =AR44 -> 27 | AH44: =COUNTIF($B44:$AF44,4) -> 2 | AI44: =COUNTIF($B44:$AF44,5) -> 2 | AJ44: =COUNTIF($B44:$AF44,3) -> 8 | AK44: =COUNTIF($B44:$AF44,1) -> 8 | AL44: =COUNTIF($B44:$AF44,2) -> 3 | AM44: =COUNTIF($B44:$AF44,"DO") -> 4 | AN44: =COUNTIF($B44:$AF44,"R") -> 2 | AO44: =COUNTIF($B44:$AF44,4) -> 2 | AP44: =COUNTIF($B44:$AF44,5) -> 2 | AQ44: =SUM(AJ44:AN44) -> 25 | AR44: =AP44+AO44+AN44+AL44+AK44+AJ44+((AH44+AI44)/2) -> 27
X46: .
A47: Legend: | D47: 1 | E47: - | F47: 0000H | H47: - | I47: 0800H | M47: R | N47: - | O47: 0800H | Q47: - | R47: 1700H
D48: 2 | E48: - | F48: 0800H | H48: - | I48: 1600H | M48: DO | N48: - | O48: Day off
D49: 3 | E49: - | F49: 1600H | H49: - | I49: 2400H
D50: 4 | E50: - | F50: 0000H | H50: - | I50: 1200H
D51: 5 | E51: - | F51: 1200H | H51: - | I51: 0000H
A53: Prepared By: | L53: Reviewed By: | Y53: Noted By:
B55: N.D.M. ALFECHE | N55: E.L. ADIONG | AA55: J.M.M. MATA
B56: Engineer II | N56: Prin. Engr. A, GPD | AA56: Division Manager, GPD
A58: ENGINEER II SHIFTING SCHEDULE
A59: For the month of February 2024
A60: Name of | B60: THU | C60: FRI | D60: SAT | E60: SUN | F60: MON | G60: TUE | H60: WED | I60: THU | J60: FRI | K60: SAT | L60: SUN | M60: MON | N60: TUE | O60: WED | P60: THU | Q60: FRI | R60: SAT | S60: SUN | T60: MON | U60: TUE | V60: WED | W60: THU | X60: FRI | Y60: SAT | Z60: SUN | AA60: MON | AB60: TUE | AC60: WED | AD60: THU
A61: Personnel | B61: 1 | C61: 2 | D61: 3 | E61: 4 | F61: 5 | G61: 6 | H61: 7 | I61: 8 | J61: 9 | K61: 10 | L61: 11 | M61: 12 | N61: 13 | O61: 14 | P61: 15 | Q61: 16 | R61: 17 | S61: 18 | T61: 19 | U61: 20 | V61: 21 | W61: 22 | X61: 23 | Y61: 24 | Z61: 25 | AA61: 26 | AB61: 27 | AC61: 28 | AD61: 29 | AG61: 24
A62: MACUNTE | B62: R | C62: R | D62: 2 | E62: DO | F62: R | G62: R | H62: R | I62: R | J62: R | K62: 2 | L62: DO | M62: R | N62: R | O62: R | P62: R | Q62: R | R62: DO | S62: 2 | T62: R | U62: R | V62: R | W62: R | X62: R | Y62: 2 | Z62: DO | AA62: R | AB62: R | AC62: R | AD62: R | AG62: =AR62 -> 25 | AH62: =COUNTIF($B62:$AF62,4) -> 0 | AJ62: =COUNTIF($B62:$AF62,3) -> 0 | AK62: =COUNTIF($B62:$AF62,1) -> 0 | AL62: =COUNTIF($B62:$AF62,2) -> 4 | AM62: =COUNTIF($B62:$AF62,"DO") -> 4 | AN62: =COUNTIF($B62:$AF62,"R") -> 21 | AO62: =COUNTIF($B62:$AF62,4) -> 0 | AP62: =COUNTIF($B62:$AF62,5) -> 0 | AQ62: =SUM(AJ62:AN62) -> 29 | AR62: =AP62+AO62+AN62+AL62+AK62+AJ62+((AH62+AI62)/2) -> 25
A64: ALFECHE | B64: 1 | C64: 2 | D64: DO | E64: 3 | F64: 1 | G64: 3 | H64: 1 | I64: 3 | J64: 4 | K64: DO | L64: 2 | M64: 3 | N64: 1 | O64: DO | P64: 3 | Q64: 4 | R64: 5 | S64: 1 | T64: 3 | U64: 4 | V64: 3 | W64: 4 | X64: 2 | Y64: DO | Z64: 3 | AA64: 4 | AB64: 5 | AC64: 1 | AD64: 3 | AG64: =AR64 -> 28.5 | AH64: =COUNTIF($B64:$AF64,4) -> 5 | AI64: =COUNTIF($B64:$AF64,5) -> 2 | AJ64: =COUNTIF($B64:$AF64,3) -> 9 | AK64: =COUNTIF($B64:$AF64,1) -> 6 | AL64: =COUNTIF($B64:$AF64,2) -> 3 | AM64: =COUNTIF($B64:$AF64,"DO") -> 4 | AN64: =COUNTIF($B64:$AF64,"R") -> 0 | AO64: =COUNTIF($B64:$AF64,4) -> 5 | AP64: =COUNTIF($B64:$AF64,5) -> 2 | AQ64: =SUM(AJ64:AN64) -> 22 | AR64: =AP64+AO64+AN64+AL64+AK64+AJ64+((AH64+AI64)/2) -> 28.5
A66: MICABALO | B66: DO | C66: DO | D66: 3 | E66: 1 | F66: 3 | G66: 4 | H66: 2 | I66: 3 | J66: 1 | K66: 3 | L66: 1 | M66: 2 | N66: 3 | O66: 1 | P66: 2 | Q66: 5 | R66: 1 | S66: 3 | T66: 4 | U66: 5 | V66: 1 | W66: 3 | X66: 1 | Y66: 3 | Z66: 1 | AA66: 5 | AB66: 1 | AC66: 5 | AD66: 1 | AG66: =AR66 -> 30 | AH66: =COUNTIF($B66:$AF66,4) -> 2 | AI66: =COUNTIF($B66:$AF66,5) -> 4 | AJ66: =COUNTIF($B66:$AF66,3) -> 8 | AK66: =COUNTIF($B66:$AF66,1) -> 10 | AL66: =COUNTIF($B66:$AF66,2) -> 3 | AM66: =COUNTIF($B66:$AF66,"DO") -> 2 | AN66: =COUNTIF($B66:$AF66,"R") -> 0 | AO66: =COUNTIF($B66:$AF66,4) -> 2 | AP66: =COUNTIF($B66:$AF66,5) -> 4 | AQ66: =SUM(AJ66:AN66) -> 23 | AR66: =AP66+AO66+AN66+AL66+AK66+AJ66+((AH66+AI66)/2) -> 30
A68: PACTURANAN | B68: 4 | C68: 3 | D68: 1 | E68: 2 | F68: 2 | G68: 5 | H68: 1 | I68: 2 | J68: R | K68: DO | L68: DO | M68: 3 | N68: 1 | O68: 3 | P68: 1 | Q68: 3 | R68: 4 | S68: 3 | T68: 1 | U68: 3 | V68: 4 | W68: 3 | X68: 1 | Y68: 3 | Z68: 1 | AA68: 3 | AB68: 4 | AC68: 3 | AD68: 4 | AG68: =AR68 -> 30 | AH68: =COUNTIF($B68:$AF68,4) -> 5 | AI68: =COUNTIF($B68:$AF68,5) -> 1 | AJ68: =COUNTIF($B68:$AF68,3) -> 10 | AK68: =COUNTIF($B68:$AF68,1) -> 7 | AL68: =COUNTIF($B68:$AF68,2) -> 3 | AM68: =COUNTIF($B68:$AF68,"DO") -> 2 | AN68: =COUNTIF($B68:$AF68,"R") -> 1 | AO68: =COUNTIF($B68:$AF68,4) -> 5 | AP68: =COUNTIF($B68:$AF68,5) -> 1 | AQ68: =SUM(AJ68:AN68) -> 23 | AR68: =AP68+AO68+AN68+AL68+AK68+AJ68+((AH68+AI68)/2) -> 30
A70: RUDINAS | J70: PULANGI 4 HEHEHEEHEHEHEHE | AG70: =AR70 -> 0 | AH70: =COUNTIF($B70:$AF70,4) -> 0 | AI70: =COUNTIF($B70:$AF70,5) -> 0 | AJ70: =COUNTIF($B70:$AF70,3) -> 0 | AK70: =COUNTIF($B70:$AF70,1) -> 0 | AL70: =COUNTIF($B70:$AF70,2) -> 0 | AM70: =COUNTIF($B70:$AF70,"DO") -> 0 | AN70: =COUNTIF($B70:$AF70,"R") -> 0 | AO70: =COUNTIF($B70:$AF70,4) -> 0 | AP70: =COUNTIF($B70:$AF70,5) -> 0 | AQ70: =SUM(AJ70:AN70) -> 0 | AR70: =AP70+AO70+AN70+AL70+AK70+AJ70+((AH70+AI70)/2) -> 0
A72: LUSPO | B72: 5 | C72: 1 | D72: DO | E72: DO | F72: 3 | G72: 1 | H72: 3 | I72: 1 | J72: 5 | K72: 1 | L72: 3 | M72: 1 | N72: 2 | O72: 2 | P72: 3 | Q72: 1 | R72: DO | S72: DO | T72: 5 | U72: 1 | V72: 5 | W72: 1 | X72: 3 | Y72: 1 | Z72: 5 | AA72: 1 | AB72: 3 | AC72: 4 | AD72: 3 | AG72: =AR72 -> 28 | AH72: =COUNTIF($B72:$AF72,4) -> 1 | AI72: =COUNTIF($B72:$AF72,5) -> 5 | AJ72: =COUNTIF($B72:$AF72,3) -> 7 | AK72: =COUNTIF($B72:$AF72,1) -> 10 | AL72: =COUNTIF($B72:$AF72,2) -> 2 | AM72: =COUNTIF($B72:$AF72,"DO") -> 4 | AN72: =COUNTIF($B72:$AF72,"R") -> 0 | AO72: =COUNTIF($B72:$AF72,4) -> 1 | AP72: =COUNTIF($B72:$AF72,5) -> 5 | AQ72: =SUM(AJ72:AN72) -> 23 | AR72: =AP72+AO72+AN72+AL72+AK72+AJ72+((AH72+AI72)/2) -> 28
S73: `
A75: Legend: | D75: 1 | E75: - | F75: 0000H | H75: - | I75: 0800H | M75: R | N75: - | O75: 0800H | Q75: - | R75: 1700H
D76: 2 | E76: - | F76: 0800H | H76: - | I76: 1600H | M76: DO | N76: - | O76: Day off
D77: 3 | E77: - | F77: 1600H | H77: - | I77: 2400H
D78: 4 | E78: - | F78: 0000H | H78: - | I78: 1200H
D79: 5 | E79: - | F79: 1200H | H79: - | I79: 0000H
A82: Prepared By: | L82: Reviewed By: | Y82: Noted By:
B84: J.O.H. LUSPO | N84: E.L. ADIONG | AA84: D.R.B. CAIRO
B85: Engineer II | N85: Prin. Engr. A, GPD | AA85: Acting-Division Manager, GPD
A88: For the month of March 2024
A89: Name of | B89: FRI | C89: SAT | D89: SUN | E89: MON | F89: TUE | G89: WED | H89: THU | I89: FRI | J89: SAT | K89: SUN | L89: MON | M89: TUE | N89: WED | O89: THU | P89: FRI | Q89: SAT | R89: SUN | S89: MON | T89: TUE | U89: WED | V89: THU | W89: FRI | X89: SAT | Y89: SUN | Z89: MON | AA89: TUE | AB89: WED | AC89: THU | AD89: FRI | AE89: SAT | AF89: SUN
A90: Personnel | B90: 1 | C90: 2 | D90: 3 | E90: 4 | F90: 5 | G90: 6 | H90: 7 | I90: 8 | J90: 9 | K90: 10 | L90: 11 | M90: 12 | N90: 13 | O90: 14 | P90: 15 | Q90: 16 | R90: 17 | S90: 18 | T90: 19 | U90: 20 | V90: 21 | W90: 22 | X90: 23 | Y90: 24 | Z90: 25 | AA90: 26 | AB90: 27 | AC90: 28 | AD90: 29 | AE90: 30 | AF90: 31 | AG90: 24 | AK90: 3 | AL90: 1 | AM90: 2 | AN90: DO | AO90: R | AP90: 4 | AQ90: 5
A91: MACUNTE | B91: R | C91: DO | D91: 2 | E91: R | F91: R | G91: R | H91: R | I91: R | J91: DO | K91: 2 | L91: R | M91: R | N91: R | O91: R | P91: R | Q91: DO | R91: 2 | S91: R | T91: R | U91: R | V91: R | W91: R | X91: DO | Y91: DO | Z91: R | AA91: R | AB91: R | AC91: 2 | AD91: 2 | AE91: 2 | AF91: DO | AG91: =AS91 -> 25 | AK91: =COUNTIF($B91:$AF91,3) -> 0 | AL91: =COUNTIF($B91:$AF91,1) -> 0 | AM91: =COUNTIF($B91:$AF91,2) -> 6 | AN91: =COUNTIF($B91:$AF91,"DO") -> 6 | AO91: =COUNTIF($B91:$AF91,"R") -> 19 | AP91: =COUNTIF($B91:$AF91,4) -> 0 | AQ91: =COUNTIF($B91:$AF91,5) -> 0 | AR91: =SUM(AK91:AQ91) -> 31 | AS91: =AQ91+AP91+AO91+AM91+AL91+AK91+((AI91+AJ91)/2) -> 25
A93: PE-A 1 | B93: 3 | C93: 1 | D93: DO | E93: DO | F93: 3 | G93: 1 | H93: 3 | I93: 1 | J93: DO | K93: DO | L93: 3 | M93: 1 | N93: 3 | O93: 1 | P93: R | Q93: DO | R93: DO | S93: DO | T93: 3 | U93: 1 | V93: 3 | W93: 1 | X93: DO | Y93: DO | Z93: 3 | AA93: 1 | AB93: 3 | AC93: 1 | AD93: DO | AE93: DO | AF93: DO | AG93: =AS93 -> 19 | AK93: =COUNTIF($B93:$AF93,3) -> 9 | AL93: =COUNTIF($B93:$AF93,1) -> 9 | AM93: =COUNTIF($B93:$AF93,2) -> 0 | AN93: =COUNTIF($B93:$AF93,"DO") -> 12 | AO93: =COUNTIF($B93:$AF93,"R") -> 1 | AP93: =COUNTIF($B93:$AF93,4) -> 0 | AQ93: =COUNTIF($B93:$AF93,5) -> 0 | AR93: =SUM(AK93:AQ93) -> 31 | AS93: =AQ93+AP93+AO93+AM93+AL93+AK93+((AI93+AJ93)/2) -> 19
A95: PE-A 2 | B95: DO | C95: DO | D95: DO | E95: 3 | F95: 1 | G95: 3 | H95: 1 | I95: 3 | J95: 1 | K95: DO | L95: DO | M95: 3 | N95: 1 | O95: 3 | P95: 1 | Q95: DO | R95: DO | S95: 3 | T95: 1 | U95: 3 | V95: 1 | W95: 3 | X95: 1 | Y95: DO | Z95: DO | AA95: 3 | AB95: 1 | AC95: DO | AD95: DO | AE95: DO | AF95: DO | AG95: =AS95 -> 18 | AK95: =COUNTIF($B95:$AF95,3) -> 9 | AL95: =COUNTIF($B95:$AF95,1) -> 9 | AM95: =COUNTIF($B95:$AF95,2) -> 0 | AN95: =COUNTIF($B95:$AF95,"DO") -> 13 | AO95: =COUNTIF($B95:$AF95,"R") -> 0 | AP95: =COUNTIF($B95:$AF95,4) -> 0 | AQ95: =COUNTIF($B95:$AF95,5) -> 0 | AR95: =SUM(AK95:AQ95) -> 31 | AS95: =AQ95+AP95+AO95+AM95+AL95+AK95+((AI95+AJ95)/2) -> 18
A97: ALFECHE | B97: 2 | C97: DO | D97: 3 | E97: 1 | F97: 2 | G97: R | H97: DO | I97: 3 | J97: 1 | K97: 3 | L97: 1 | M97: 2 | N97: R | O97: 2 | P97: 3 | Q97: 1 | R97: 3 | S97: 1 | T97: R | U97: DO | V97: 3 | W97: 1 | X97: DO | Y97: 2 | Z97: 3 | AA97: 1 | AB97: 3 | AC97: 1 | AD97: 3 | AE97: 1 | AF97: 3 | AG97: =AS97 -> 27 | AH97: =COUNTIF($B97:$AF97,4) -> 0 | AI97: =COUNTIF($B97:$AF97,5) -> 0 | AK97: =COUNTIF($B97:$AF97,3) -> 10 | AL97: =COUNTIF($B97:$AF97,1) -> 9 | AM97: =COUNTIF($B97:$AF97,2) -> 5 | AN97: =COUNTIF($B97:$AF97,"DO") -> 4 | AO97: =COUNTIF($B97:$AF97,"R") -> 3 | AP97: =COUNTIF($B97:$AF97,4) -> 0 | AQ97: =COUNTIF($B97:$AF97,5) -> 0 | AR97: =SUM(AK97:AQ97) -> 31 | AS97: =AQ97+AP97+AO97+AM97+AL97+AK97+((AH97+AI97)/2) -> 27
A99: MICABALO | B99: 1 | C99: DO | D99: DO | E99: DO | F99: DO | G99: DO | H99: R | I99: 2 | J99: 3 | K99: 1 | L99: 2 | M99: R | N99: 3 | O99: 1 | P99: 2 | Q99: 3 | R99: 1 | S99: 2 | T99: 3 | U99: 1 | V99: R | W99: R | X99: 3 | Y99: 1 | Z99: 2 | AA99: R | AB99: 2 | AC99: 3 | AD99: 1 | AE99: 3 | AF99: 1 | AG99: =AS99 -> 26 | AH99: =COUNTIF($B99:$AF99,4) -> 0 | AI99: =COUNTIF($B99:$AF99,5) -> 0 | AK99: =COUNTIF($B99:$AF99,3) -> 7 | AL99: =COUNTIF($B99:$AF99,1) -> 8 | AM99: =COUNTIF($B99:$AF99,2) -> 6 | AN99: =COUNTIF($B99:$AF99,"DO") -> 5 | AO99: =COUNTIF($B99:$AF99,"R") -> 5 | AP99: =COUNTIF($B99:$AF99,4) -> 0 | AQ99: =COUNTIF($B99:$AF99,5) -> 0 | AR99: =SUM(AK99:AQ99) -> 31 | AS99: =AQ99+AP99+AO99+AM99+AL99+AK99+((AH99+AI99)/2) -> 26
A101: PACTURANAN | B101: 1 | C101: DO | D101: DO | E101: DO | F101: DO | G101: 2 | H101: 3 | I101: 1 | J101: 2 | K101: 3 | L101: 1 | M101: R | N101: R | O101: 3 | P101: 1 | Q101: 2 | R101: DO | S101: 3 | T101: 1 | U101: 2 | V101: R | W101: 3 | X101: 1 | Y101: 3 | Z101: 1 | AA101: 2 | AB101: R | AC101: 3 | AD101: 1 | AE101: 3 | AF101: 1 | AG101: =AS101 -> 26 | AH101: =COUNTIF($B101:$AF101,4) -> 0 | AI101: =COUNTIF($B101:$AF101,5) -> 0 | AK101: =COUNTIF($B101:$AF101,3) -> 8 | AL101: =COUNTIF($B101:$AF101,1) -> 9 | AM101: =COUNTIF($B101:$AF101,2) -> 5 | AN101: =COUNTIF($B101:$AF101,"DO") -> 5 | AO101: =COUNTIF($B101:$AF101,"R") -> 4 | AP101: =COUNTIF($B101:$AF101,4) -> 0 | AQ101: =COUNTIF($B101:$AF101,5) -> 0 | AR101: =SUM(AK101:AQ101) -> 31 | AS101: =AQ101+AP101+AO101+AM101+AL101+AK101+((AH101+AI101)/2) -> 26
A103: RUDINAS | B103: 3 | C103: 4 | D103: DO | E103: 3 | F103: 1 | G103: 3 | H103: 1 | I103: R | J103: 3 | K103: 1 | L103: R | M103: 3 | N103: 1 | O103: DO | P103: R | Q103: 3 | R103: 1 | S103: R | T103: 2 | U103: 3 | V103: 1 | W103: 2 | X103: 2 | Y103: 3 | Z103: 1 | AA103: DO | AB103: DO | AC103: DO | AD103: 3 | AE103: 1 | AF103: 2 | AG103: =AS103 -> 26.5 | AH103: =COUNTIF($B103:$AF103,4) -> 1 | AI103: =COUNTIF($B103:$AF103,5) -> 0 | AK103: =COUNTIF($B103:$AF103,3) -> 9 | AL103: =COUNTIF($B103:$AF103,1) -> 8 | AM103: =COUNTIF($B103:$AF103,2) -> 4 | AN103: =COUNTIF($B103:$AF103,"DO") -> 5 | AO103: =COUNTIF($B103:$AF103,"R") -> 4 | AP103: =COUNTIF($B103:$AF103,4) -> 1 | AQ103: =COUNTIF($B103:$AF103,5) -> 0 | AR103: =SUM(AK103:AQ103) -> 31 | AS103: =AQ103+AP103+AO103+AM103+AL103+AK103+((AH103+AI103)/2) -> 26.5
A105: LUSPO | B105: R | C105: 5 | D105: 1 | E105: 2 | F105: 3 | G105: 1 | H105: 2 | I105: 3 | J105: 1 | K105: DO | L105: 3 | M105: 1 | N105: 2 | O105: R | P105: 3 | Q105: 1 | R105: 3 | S105: 1 | T105: R | U105: R | V105: 2 | W105: 3 | X105: 1 | Y105: DO | Z105: R | AA105: 3 | AB105: 1 | AC105: DO | AD105: DO | AE105: DO | AF105: DO | AG105: =AS105 -> 25.5 | AH105: =COUNTIF($B105:$AF105,4) -> 0 | AI105: =COUNTIF($B105:$AF105,5) -> 1 | AK105: =COUNTIF($B105:$AF105,3) -> 7 | AL105: =COUNTIF($B105:$AF105,1) -> 8 | AM105: =COUNTIF($B105:$AF105,2) -> 4 | AN105: =COUNTIF($B105:$AF105,"DO") -> 6 | AO105: =COUNTIF($B105:$AF105,"R") -> 5 | AP105: =COUNTIF($B105:$AF105,4) -> 0 | AQ105: =COUNTIF($B105:$AF105,5) -> 1 | AR105: =SUM(AK105:AQ105) -> 31 | AS105: =AQ105+AP105+AO105+AM105+AL105+AK105+((AH105+AI105)/2) -> 25.5
A108: Legend: | D108: 1 | E108: - | F108: 0000H | H108: - | I108: 0800H | M108: R | N108: - | O108: 0800H | Q108: - | R108: 1700H
D109: 2 | E109: - | F109: 0800H | H109: - | I109: 1600H | M109: DO | N109: - | O109: Day off
D110: 3 | E110: - | F110: 1600H | H110: - | I110: 2400H
D111: 4 | E111: - | F111: 0000H | H111: - | I111: 1200H
D112: 5 | E112: - | F112: 1200H | H112: - | I112: 0000H
A114: Prepared By: | L114: Reviewed By: | Y114: Noted By:
B116: S.M. PACTURANAN | N116: E.L. ADIONG | AA116: J.M.M. MATA
B117: Engineer II | N117: Prin. Engr. A, GPD | AA117: Division Manager, GPD
A119: For the month of March 2024
A120: Name of | B120: FRI | C120: SAT | D120: SUN | E120: MON | F120: TUE | G120: WED | H120: THU | I120: FRI | J120: SAT | K120: SUN | L120: MON | M120: TUE | N120: WED | O120: THU | P120: FRI | Q120: SAT | R120: SUN | S120: MON | T120: TUE | U120: WED | V120: THU | W120: FRI | X120: SAT | Y120: SUN | Z120: MON | AA120: TUE | AB120: WED | AC120: THU | AD120: FRI | AE120: SAT | AF120: SUN
A121: Personnel | B121: 1 | C121: 2 | D121: 3 | E121: 4 | F121: 5 | G121: 6 | H121: 7 | I121: 8 | J121: 9 | K121: 10 | L121: 11 | M121: 12 | N121: 13 | O121: 14 | P121: 15 | Q121: 16 | R121: 17 | S121: 18 | T121: 19 | U121: 20 | V121: 21 | W121: 22 | X121: 23 | Y121: 24 | Z121: 25 | AA121: 26 | AB121: 27 | AC121: 28 | AD121: 29 | AE121: 30 | AF121: 31 | AG121: 24 | AK121: 3 | AL121: 1 | AM121: 2 | AN121: DO | AO121: R | AP121: 4 | AQ121: 5
A122: MACUNTE | B122: R | C122: DO | D122: 2 | E122: R | F122: R | G122: R | H122: R | I122: R | J122: DO | K122: 2 | L122: R | M122: R | N122: R | O122: R | P122: R | Q122: DO | R122: 2 | S122: R | T122: R | U122: R | V122: R | W122: R | X122: DO | Y122: DO | Z122: R | AA122: R | AB122: R | AC122: 2 | AD122: 2 | AE122: 2 | AF122: DO | AG122: =AS122 -> 25 | AH122: =COUNTIF($B122:$AF122,4) -> 0 | AI122: =COUNTIF($B122:$AF122,5) -> 0 | AK122: =COUNTIF($B122:$AF122,3) -> 0 | AL122: =COUNTIF($B122:$AF122,1) -> 0 | AM122: =COUNTIF($B122:$AF122,2) -> 6 | AN122: =COUNTIF($B122:$AF122,"DO") -> 6 | AO122: =COUNTIF($B122:$AF122,"R") -> 19 | AP122: =COUNTIF($B122:$AF122,4) -> 0 | AQ122: =COUNTIF($B122:$AF122,5) -> 0 | AR122: =SUM(AK122:AQ122) -> 31 | AS122: =AQ122+AP122+AO122+AM122+AL122+AK122+((AH122+AI122)/2) -> 25
A124: ABAYAN | B124: R | C124: DO | D124: DO | E124: R | F124: 3 | G124: 1 | H124: DO | I124: 3 | J124: 1 | K124: DO | L124: R | M124: DO | N124: 3 | O124: 1 | P124: DO | Q124: 3 | R124: 1 | S124: R | T124: 3 | U124: 1 | V124: DO | W124: 3 | X124: 1 | Y124: DO | Z124: R | AA124: 3 | AB124: 1 | AC124: DO | AD124: DO | AE124: DO | AF124: DO | AG124: =AS124 -> 19 | AH124: =COUNTIF($B124:$AF124,4) -> 0 | AI124: =COUNTIF($B124:$AF124,5) -> 0 | AK124: =COUNTIF($B124:$AF124,3) -> 7 | AL124: =COUNTIF($B124:$AF124,1) -> 7 | AM124: =COUNTIF($B124:$AF124,2) -> 0 | AN124: =COUNTIF($B124:$AF124,"DO") -> 12 | AO124: =COUNTIF($B124:$AF124,"R") -> 5 | AP124: =COUNTIF($B124:$AF124,4) -> 0 | AQ124: =COUNTIF($B124:$AF124,5) -> 0 | AR124: =SUM(AK124:AQ124) -> 31 | AS124: =AQ124+AP124+AO124+AM124+AL124+AK124+((AH124+AI124)/2) -> 19
A126: ADIONG | B126: 3 | C126: 1 | D126: DO | E126: R | F126: R | G126: DO | H126: 3 | I126: 1 | J126: DO | K126: DO | L126: DO | M126: 3 | N126: 1 | O126: DO | P126: 3 | Q126: 1 | R126: DO | S126: 3 | T126: 1 | U126: 3 | V126: 1 | W126: R | X126: DO | Y126: DO | Z126: 3 | AA126: 1 | AB126: 3 | AC126: 1 | AD126: DO | AE126: DO | AF126: DO | AG126: =AS126 -> 19 | AH126: =COUNTIF($B126:$AF126,4) -> 0 | AI126: =COUNTIF($B126:$AF126,5) -> 0 | AK126: =COUNTIF($B126:$AF126,3) -> 8 | AL126: =COUNTIF($B126:$AF126,1) -> 8 | AM126: =COUNTIF($B126:$AF126,2) -> 0 | AN126: =COUNTIF($B126:$AF126,"DO") -> 12 | AO126: =COUNTIF($B126:$AF126,"R") -> 3 | AP126: =COUNTIF($B126:$AF126,4) -> 0 | AQ126: =COUNTIF($B126:$AF126,5) -> 0 | AR126: =SUM(AK126:AQ126) -> 31 | AS126: =AQ126+AP126+AO126+AM126+AL126+AK126+((AH126+AI126)/2) -> 19
A128: CAIRO | B128: R | C128: 3 | D128: 1 | E128: 3 | F128: 1 | G128: 3 | H128: 1 | I128: R | J128: DO | K128: DO | L128: 3 | M128: 1 | N128: R | O128: 3 | P128: 1 | Q128: DO | R128: 3 | S128: 1 | T128: R | U128: R | V128: 3 | W128: 1 | X128: DO | Y128: DO | Z128: DO | AA128: DO | AB128: DO | AC128: DO | AD128: DO | AE128: DO | AF128: DO | AG128: =AS128 -> 19 | AH128: 4 | AK128: =COUNTIF($B128:$AF128,3) -> 7 | AL128: =COUNTIF($B128:$AF128,1) -> 7 | AM128: =COUNTIF($B128:$AF128,2) -> 0 | AN128: =COUNTIF($B128:$AF128,"DO") -> 12 | AO128: =COUNTIF($B128:$AF128,"R") -> 5 | AP128: =COUNTIF($B128:$AF128,4) -> 0 | AQ128: =COUNTIF($B128:$AF128,5) -> 0 | AR128: =SUM(AK128:AO128) -> 31 | AS128: =AQ128+AP128+AO128+AM128+AL128+AK128 -> 19
A130: ALFECHE | B130: 2 | C130: DO | D130: 3 | E130: 1 | F130: 2 | G130: R | H130: DO | I130: 3 | J130: 1 | K130: 3 | L130: 1 | M130: 2 | N130: R | O130: 2 | P130: 3 | Q130: 1 | R130: 3 | S130: 1 | T130: R | U130: DO | V130: 3 | W130: 1 | X130: DO | Y130: 2 | Z130: 3 | AA130: 1 | AB130: 3 | AC130: 1 | AD130: 3 | AE130: 1 | AF130: 3 | AG130: =AS130 -> 27 | AH130: =COUNTIF($B130:$AF130,4) -> 0 | AI130: =COUNTIF($B130:$AF130,5) -> 0 | AK130: =COUNTIF($B130:$AF130,3) -> 10 | AL130: =COUNTIF($B130:$AF130,1) -> 9 | AM130: =COUNTIF($B130:$AF130,2) -> 5 | AN130: =COUNTIF($B130:$AF130,"DO") -> 4 | AO130: =COUNTIF($B130:$AF130,"R") -> 3 | AP130: =COUNTIF($B130:$AF130,4) -> 0 | AQ130: =COUNTIF($B130:$AF130,5) -> 0 | AR130: =SUM(AK130:AQ130) -> 31 | AS130: =AQ130+AP130+AO130+AM130+AL130+AK130+((AH130+AI130)/2) -> 27
A132: MICABALO | B132: 1 | C132: DO | D132: DO | E132: DO | F132: DO | G132: DO | H132: R | I132: 2 | J132: 3 | K132: 1 | L132: 2 | M132: R | N132: 3 | O132: 1 | P132: 2 | Q132: 3 | R132: 1 | S132: 2 | T132: 3 | U132: 1 | V132: R | W132: R | X132: 3 | Y132: 1 | Z132: 2 | AA132: R | AB132: 2 | AC132: 3 | AD132: 1 | AE132: 3 | AF132: 1 | AG132: =AS132 -> 26 | AH132: =COUNTIF($B132:$AF132,4) -> 0 | AI132: =COUNTIF($B132:$AF132,5) -> 0 | AK132: =COUNTIF($B132:$AF132,3) -> 7 | AL132: =COUNTIF($B132:$AF132,1) -> 8 | AM132: =COUNTIF($B132:$AF132,2) -> 6 | AN132: =COUNTIF($B132:$AF132,"DO") -> 5 | AO132: =COUNTIF($B132:$AF132,"R") -> 5 | AP132: =COUNTIF($B132:$AF132,4) -> 0 | AQ132: =COUNTIF($B132:$AF132,5) -> 0 | AR132: =SUM(AK132:AQ132) -> 31 | AS132: =AQ132+AP132+AO132+AM132+AL132+AK132+((AH132+AI132)/2) -> 26
A134: PACTURANAN | B134: 1 | C134: DO | D134: DO | E134: DO | F134: DO | G134: 2 | H134: 3 | I134: 1 | J134: 2 | K134: 3 | L134: 1 | M134: R | N134: R | O134: 3 | P134: 1 | Q134: 2 | R134: DO | S134: 3 | T134: 1 | U134: 2 | V134: R | W134: 3 | X134: 1 | Y134: 3 | Z134: 1 | AA134: 2 | AB134: R | AC134: 3 | AD134: 1 | AE134: 3 | AF134: 1 | AG134: =AS134 -> 26 | AH134: =COUNTIF($B134:$AF134,4) -> 0 | AI134: =COUNTIF($B134:$AF134,5) -> 0 | AK134: =COUNTIF($B134:$AF134,3) -> 8 | AL134: =COUNTIF($B134:$AF134,1) -> 9 | AM134: =COUNTIF($B134:$AF134,2) -> 5 | AN134: =COUNTIF($B134:$AF134,"DO") -> 5 | AO134: =COUNTIF($B134:$AF134,"R") -> 4 | AP134: =COUNTIF($B134:$AF134,4) -> 0 | AQ134: =COUNTIF($B134:$AF134,5) -> 0 | AR134: =SUM(AK134:AQ134) -> 31 | AS134: =AQ134+AP134+AO134+AM134+AL134+AK134+((AH134+AI134)/2) -> 26
A136: RUDINAS | B136: 3 | C136: 4 | D136: DO | E136: 3 | F136: 1 | G136: 3 | H136: 1 | I136: R | J136: 3 | K136: 1 | L136: R | M136: 3 | N136: 1 | O136: DO | P136: R | Q136: 3 | R136: 1 | S136: R | T136: 2 | U136: 3 | V136: 1 | W136: 2 | X136: 2 | Y136: 3 | Z136: 1 | AA136: DO | AB136: DO | AC136: DO | AD136: 3 | AE136: 1 | AF136: 2 | AG136: =AS136 -> 26.5 | AH136: =COUNTIF($B136:$AF136,4) -> 1 | AI136: =COUNTIF($B136:$AF136,5) -> 0 | AK136: =COUNTIF($B136:$AF136,3) -> 9 | AL136: =COUNTIF($B136:$AF136,1) -> 8 | AM136: =COUNTIF($B136:$AF136,2) -> 4 | AN136: =COUNTIF($B136:$AF136,"DO") -> 5 | AO136: =COUNTIF($B136:$AF136,"R") -> 4 | AP136: =COUNTIF($B136:$AF136,4) -> 1 | AQ136: =COUNTIF($B136:$AF136,5) -> 0 | AR136: =SUM(AK136:AQ136) -> 31 | AS136: =AQ136+AP136+AO136+AM136+AL136+AK136+((AH136+AI136)/2) -> 26.5
A138: LUSPO | B138: R | C138: 5 | D138: 1 | E138: 2 | F138: 3 | G138: 1 | H138: 2 | I138: 3 | J138: 1 | K138: DO | L138: 3 | M138: 1 | N138: 2 | O138: R | P138: 3 | Q138: 1 | R138: 3 | S138: 1 | T138: R | U138: R | V138: 2 | W138: 3 | X138: 1 | Y138: DO | Z138: R | AA138: 3 | AB138: 1 | AC138: DO | AD138: DO | AE138: DO | AF138: DO | AG138: =AS138 -> 25.5 | AH138: =COUNTIF($B138:$AF138,4) -> 0 | AI138: =COUNTIF($B138:$AF138,5) -> 1 | AK138: =COUNTIF($B138:$AF138,3) -> 7 | AL138: =COUNTIF($B138:$AF138,1) -> 8 | AM138: =COUNTIF($B138:$AF138,2) -> 4 | AN138: =COUNTIF($B138:$AF138,"DO") -> 6 | AO138: =COUNTIF($B138:$AF138,"R") -> 5 | AP138: =COUNTIF($B138:$AF138,4) -> 0 | AQ138: =COUNTIF($B138:$AF138,5) -> 1 | AR138: =SUM(AK138:AQ138) -> 31 | AS138: =AQ138+AP138+AO138+AM138+AL138+AK138+((AH138+AI138)/2) -> 25.5
A141: Legend: | D141: 1 | E141: - | F141: 0000H | H141: - | I141: 0800H | M141: R | N141: - | O141: 0800H | Q141: - | R141: 1700H
D142: 2 | E142: - | F142: 0800H | H142: - | I142: 1600H | M142: DO | N142: - | O142: Day off
D143: 3 | E143: - | F143: 1600H | H143: - | I143: 2400H
A145: Prepared By: | L145: Reviewed By: | Y145: Noted By:
B147: S.M. PACTURANAN | N147: E.L. ADIONG | AA147: J.M.M. MATA
B148: Engineer II | N148: Prin. Engr. A, GPD | AA148: Division Manager, GPD
A151: SHIFTING SCHEDULE
A152: For the month of March 2024
A153: Name of | B153: FRI | C153: SAT | D153: SUN | E153: MON | F153: TUE | G153: WED | H153: THU | I153: FRI | J153: SAT | K153: SUN | L153: MON | M153: TUE | N153: WED | O153: THU | P153: FRI | Q153: SAT | R153: SUN | S153: MON | T153: TUE | U153: WED | V153: THU | W153: FRI | X153: SAT | Y153: SUN | Z153: MON | AA153: TUE | AB153: WED | AC153: THU | AD153: FRI | AE153: SAT | AF153: SUN
A154: Personnel | B154: 1 | C154: 2 | D154: 3 | E154: 4 | F154: 5 | G154: 6 | H154: 7 | I154: 8 | J154: 9 | K154: 10 | L154: 11 | M154: 12 | N154: 13 | O154: 14 | P154: 15 | Q154: 16 | R154: 17 | S154: 18 | T154: 19 | U154: 20 | V154: 21 | W154: 22 | X154: 23 | Y154: 24 | Z154: 25 | AA154: 26 | AB154: 27 | AC154: 28 | AD154: 29 | AE154: 30 | AF154: 31 | AG154: 24 | AK154: 3 | AL154: 1 | AM154: 2 | AN154: DO | AO154: R | AP154: 4 | AQ154: 5
A155: MACUNTE | B155: R | C155: DO | D155: 3 | E155: 1 | F155: R | G155: R | H155: R | I155: R | J155: DO | K155: 2 | L155: R | M155: R | N155: R | O155: R | P155: R | Q155: DO | R155: DO | S155: R | T155: R | U155: R | V155: R | W155: R | X155: 2 | Y155: DO | Z155: R | AA155: R | AB155: R | AC155: 2 | AD155: 2 | AE155: 2 | AF155: DO | AG155: =AS155 -> 25 | AH155: =COUNTIF($B155:$AF155,4) -> 0 | AI155: =COUNTIF($B155:$AF155,5) -> 0 | AK155: =COUNTIF($B155:$AF155,3) -> 1 | AL155: =COUNTIF($B155:$AF155,1) -> 1 | AM155: =COUNTIF($B155:$AF155,2) -> 5 | AN155: =COUNTIF($B155:$AF155,"DO") -> 6 | AO155: =COUNTIF($B155:$AF155,"R") -> 18 | AP155: =COUNTIF($B155:$AF155,4) -> 0 | AQ155: =COUNTIF($B155:$AF155,5) -> 0 | AR155: =SUM(AK155:AQ155) -> 31 | AS155: =AQ155+AP155+AO155+AM155+AL155+AK155+((AH155+AI155)/2) -> 25
A157: ABAYAN | B157: R | C157: DO | D157: DO | E157: R | F157: 3 | G157: 1 | H157: DO | I157: 3 | J157: 1 | K157: DO | L157: R | M157: DO | N157: 3 | O157: 1 | P157: DO | Q157: 3 | R157: 1 | S157: R | T157: 3 | U157: 1 | V157: DO | W157: DO | X157: DO | Y157: DO | Z157: R | AA157: 3 | AB157: 1 | AC157: 3 | AD157: 1 | AE157: DO | AF157: DO | AG157: =AS157 -> 19 | AH157: =COUNTIF($B157:$AF157,4) -> 0 | AI157: =COUNTIF($B157:$AF157,5) -> 0 | AK157: =COUNTIF($B157:$AF157,3) -> 7 | AL157: =COUNTIF($B157:$AF157,1) -> 7 | AM157: =COUNTIF($B157:$AF157,2) -> 0 | AN157: =COUNTIF($B157:$AF157,"DO") -> 12 | AO157: =COUNTIF($B157:$AF157,"R") -> 5 | AP157: =COUNTIF($B157:$AF157,4) -> 0 | AQ157: =COUNTIF($B157:$AF157,5) -> 0 | AR157: =SUM(AK157:AQ157) -> 31 | AS157: =AQ157+AP157+AO157+AM157+AL157+AK157+((AH157+AI157)/2) -> 19
A159: ADIONG | B159: 3 | C159: 1 | D159: DO | E159: R | F159: R | G159: R | H159: 3 | I159: 1 | J159: DO | K159: DO | L159: DO | M159: 3 | N159: 1 | O159: DO | P159: 3 | Q159: 1 | R159: DO | S159: 3 | T159: 1 | U159: 3 | V159: 1 | W159: DO | X159: DO | Y159: DO | Z159: 3 | AA159: 1 | AB159: 3 | AC159: 1 | AD159: DO | AE159: DO | AF159: DO | AG159: =AS159 -> 19 | AH159: =COUNTIF($B159:$AF159,4) -> 0 | AI159: =COUNTIF($B159:$AF159,5) -> 0 | AK159: =COUNTIF($B159:$AF159,3) -> 8 | AL159: =COUNTIF($B159:$AF159,1) -> 8 | AM159: =COUNTIF($B159:$AF159,2) -> 0 | AN159: =COUNTIF($B159:$AF159,"DO") -> 12 | AO159: =COUNTIF($B159:$AF159,"R") -> 3 | AP159: =COUNTIF($B159:$AF159,4) -> 0 | AQ159: =COUNTIF($B159:$AF159,5) -> 0 | AR159: =SUM(AK159:AQ159) -> 31 | AS159: =AQ159+AP159+AO159+AM159+AL159+AK159+((AH159+AI159)/2) -> 19
...

Sheet Sheet3
A1: SUMMARY OF DUTIES FOR 2 PE-A AND 6 ENGR II
A3: SHIFTERS | B3: 3RD SHIFT | C3: 1ST SHIFT | D3: 2ND SHIFT | E3: REGULAR DUTY | F3: TOTAL DAYS
A4: 1. MACUNTE | B4: =VLOOKUP(Sheet1!$AH91,Sheet1!$AH$91:$AO$105,4) -> 7 | C4: =VLOOKUP(Sheet1!$AH91,Sheet1!$AH$91:$AO$105,5) -> 8 | D4: =VLOOKUP(Sheet1!$AH91,Sheet1!$AH$91:$AO$105,6) -> 6 | E4: =VLOOKUP(Sheet1!$AH91,Sheet1!$AH$91:$AO$105,8) -> 5 | F4: =SUM(B4:E4) -> 26
A5: 2. PE-A 1 | B5: =VLOOKUP(Sheet1!$AH93,Sheet1!$AH$91:$AO$105,4) -> 7 | C5: =VLOOKUP(Sheet1!$AH93,Sheet1!$AH$91:$AO$105,5) -> 8 | D5: =VLOOKUP(Sheet1!$AH93,Sheet1!$AH$91:$AO$105,6) -> 6 | E5: =VLOOKUP(Sheet1!$AH93,Sheet1!$AH$91:$AO$105,8) -> 5 | F5: =SUM(B5:E5) -> 26
A6: 3. PE-A 2 | B6: =VLOOKUP(Sheet1!$AH95,Sheet1!$AH$91:$AO$105,4) -> 7 | C6: =VLOOKUP(Sheet1!$AH95,Sheet1!$AH$91:$AO$105,5) -> 8 | D6: =VLOOKUP(Sheet1!$AH95,Sheet1!$AH$91:$AO$105,6) -> 6 | E6: =VLOOKUP(Sheet1!$AH95,Sheet1!$AH$91:$AO$105,8) -> 5 | F6: =SUM(B6:E6) -> 26
A7: 4. ALFECHE | B7: =VLOOKUP(Sheet1!$AH97,Sheet1!$AH$91:$AO$105,4) -> 7 | C7: =VLOOKUP(Sheet1!$AH97,Sheet1!$AH$91:$AO$105,5) -> 8 | D7: =VLOOKUP(Sheet1!$AH97,Sheet1!$AH$91:$AO$105,6) -> 6 | E7: =VLOOKUP(Sheet1!$AH97,Sheet1!$AH$91:$AO$105,8) -> 5 | F7: =SUM(B7:E7) -> 26
A8: 5. MICABALO | B8: =VLOOKUP(Sheet1!$AH99,Sheet1!$AH$91:$AO$105,4) -> 7 | C8: =VLOOKUP(Sheet1!$AH99,Sheet1!$AH$91:$AO$105,5) -> 8 | D8: =VLOOKUP(Sheet1!$AH99,Sheet1!$AH$91:$AO$105,6) -> 6 | E8: =VLOOKUP(Sheet1!$AH99,Sheet1!$AH$91:$AO$105,8) -> 5 | F8: =SUM(B8:E8) -> 26
A9: 6. PACTURANAN | B9: =VLOOKUP(Sheet1!$AH101,Sheet1!$AH$91:$AO$105,4) -> 7 | C9: =VLOOKUP(Sheet1!$AH101,Sheet1!$AH$91:$AO$105,5) -> 8 | D9: =VLOOKUP(Sheet1!$AH101,Sheet1!$AH$91:$AO$105,6) -> 6 | E9: =VLOOKUP(Sheet1!$AH101,Sheet1!$AH$91:$AO$105,8) -> 5 | F9: =SUM(B9:E9) -> 26
A10: 7. RUDINAS | B10: =VLOOKUP(Sheet1!$AH103,Sheet1!$AH$91:$AO$105,4) -> 9 | C10: =VLOOKUP(Sheet1!$AH103,Sheet1!$AH$91:$AO$105,5) -> 8 | D10: =VLOOKUP(Sheet1!$AH103,Sheet1!$AH$91:$AO$105,6) -> 4 | E10: =VLOOKUP(Sheet1!$AH103,Sheet1!$AH$91:$AO$105,8) -> 4 | F10: =SUM(B10:E10) -> 25
A11: 8. LUSPO | B11: =VLOOKUP(Sheet1!$AH105,Sheet1!$AH$91:$AO$105,4) -> 7 | C11: =VLOOKUP(Sheet1!$AH105,Sheet1!$AH$91:$AO$105,5) -> 8 | D11: =VLOOKUP(Sheet1!$AH105,Sheet1!$AH$91:$AO$105,6) -> 6 | E11: =VLOOKUP(Sheet1!$AH105,Sheet1!$AH$91:$AO$105,8) -> 5 | F11: =SUM(B11:E11) -> 26
A21: Prepared By: | C21: Reviewed By: | E21: Noted By:
B23: J.J. RUDINAS | D23: E.L. ADIONG | F23: J.M.M. MATA
B24: Engineer II | D24: Prin. Engr. A, GPD | F24: Division Manager, GPD
A32: SUMMARY OF DUTIES FOR 3 PE-A AND 6 ENGR II
A34: SHIFTERS | B34: 3RD SHIFT | C34: 1ST SHIFT | D34: 2ND SHIFT | E34: REGULAR DUTY | F34: TOTAL DAYS
A35: 1. MACUNTE | B35: =VLOOKUP(Sheet1!$AH$122,Sheet1!$AH$122:$AS$139,4) -> 10 | C35: =VLOOKUP(Sheet1!$AH$122,Sheet1!$AH$122:$AS$139,5) -> 9 | D35: =VLOOKUP(Sheet1!$AH$122,Sheet1!$AH$122:$AS$139,6) -> 5 | E35: =VLOOKUP(Sheet1!$AH$122,Sheet1!$AH$122:$AS$139,8) -> 3 | F35: =SUM(B35:E35) -> 27
A36: 2. PE-A 1 | B36: =VLOOKUP(Sheet1!$AH$124,Sheet1!$AH$122:$AS$139,4) -> 10 | C36: =VLOOKUP(Sheet1!$AH$124,Sheet1!$AH$122:$AS$139,5) -> 9 | D36: =VLOOKUP(Sheet1!$AH$124,Sheet1!$AH$122:$AS$139,6) -> 5 | E36: =VLOOKUP(Sheet1!$AH$124,Sheet1!$AH$122:$AS$139,8) -> 3 | F36: =SUM(B36:E36) -> 27
A37: 3. PE-A 2 | B37: =VLOOKUP(Sheet1!$AH$126,Sheet1!$AH$122:$AS$139,4) -> 10 | C37: =VLOOKUP(Sheet1!$AH$126,Sheet1!$AH$122:$AS$139,5) -> 9 | D37: =VLOOKUP(Sheet1!$AH$126,Sheet1!$AH$122:$AS$139,6) -> 5 | E37: =VLOOKUP(Sheet1!$AH$126,Sheet1!$AH$122:$AS$139,8) -> 3 | F37: =SUM(B37:E37) -> 27
A38: 4. PE-A 3 | B38: =VLOOKUP(Sheet1!$AH$128,Sheet1!$AH$122:$AS$139,4) -> 7 | C38: =VLOOKUP(Sheet1!$AH$128,Sheet1!$AH$122:$AS$139,5) -> 8 | D38: =VLOOKUP(Sheet1!$AH$128,Sheet1!$AH$122:$AS$139,6) -> 4 | E38: =VLOOKUP(Sheet1!$AH$128,Sheet1!$AH$122:$AS$139,8) -> 5 | F38: =SUM(B38:E38) -> 24
A39: 5. ALFECHE | B39: =VLOOKUP(Sheet1!$AH$130,Sheet1!$AH$122:$AS$139,4) -> 10 | C39: =VLOOKUP(Sheet1!$AH$130,Sheet1!$AH$122:$AS$139,5) -> 9 | D39: =VLOOKUP(Sheet1!$AH$130,Sheet1!$AH$122:$AS$139,6) -> 5 | E39: =VLOOKUP(Sheet1!$AH$130,Sheet1!$AH$122:$AS$139,8) -> 3 | F39: =SUM(B39:E39) -> 27
A40: 6. MICABALO | B40: =VLOOKUP(Sheet1!$AH$132,Sheet1!$AH$122:$AS$139,4) -> 10 | C40: =VLOOKUP(Sheet1!$AH$132,Sheet1!$AH$122:$AS$139,5) -> 9 | D40: =VLOOKUP(Sheet1!$AH$132,Sheet1!$AH$122:$AS$139,6) -> 5 | E40: =VLOOKUP(Sheet1!$AH$132,Sheet1!$AH$122:$AS$139,8) -> 3 | F40: =SUM(B40:E40) -> 27
A41: 7. PACTURANAN | B41: =VLOOKUP(Sheet1!$AH$134,Sheet1!$AH$122:$AS$139,4) -> 10 | C41: =VLOOKUP(Sheet1!$AH$134,Sheet1!$AH$122:$AS$139,5) -> 9 | D41: =VLOOKUP(Sheet1!$AH$134,Sheet1!$AH$122:$AS$139,6) -> 5 | E41: =VLOOKUP(Sheet1!$AH$134,Sheet1!$AH$122:$AS$139,8) -> 3 | F41: =SUM(B41:E41) -> 27
A42: 8. RUDINAS | B42: =VLOOKUP(Sheet1!$AH$136,Sheet1!$AH$122:$AS$139,4) -> 9 | C42: =VLOOKUP(Sheet1!$AH$136,Sheet1!$AH$122:$AS$139,5) -> 8 | D42: =VLOOKUP(Sheet1!$AH$136,Sheet1!$AH$122:$AS$139,6) -> 4 | E42: =VLOOKUP(Sheet1!$AH$136,Sheet1!$AH$122:$AS$139,8) -> 4 | F42: =SUM(B42:E42) -> 25
A43: 9. LUSPO | B43: =VLOOKUP(Sheet1!$AH$138,Sheet1!$AH$122:$AS$139,4) -> 10 | C43: =VLOOKUP(Sheet1!$AH$138,Sheet1!$AH$122:$AS$139,5) -> 9 | D43: =VLOOKUP(Sheet1!$AH$138,Sheet1!$AH$122:$AS$139,6) -> 5 | E43: =VLOOKUP(Sheet1!$AH$138,Sheet1!$AH$122:$AS$139,8) -> 3 | F43: =SUM(B43:E43) -> 27
A53: Prepared By: | C53: Reviewed By: | E53: Noted By:
B55: J.J. RUDINAS | D55: E.L. ADIONG | F55: J.M.M. MATA
B56: Engineer II | D56: Prin. Engr. A, GPD | F56: Division Manager, GPD

Sheet Sheet2
A1: ENGINEER II SHIFTING SCHEDULE
A2: For the month of November 2023
A3: Name of | B3: WED | C3: THU | D3: FRI | E3: SAT | F3: SUN | G3: MON | H3: TUE | I3: WED | J3: THU | K3: FRI | L3: SAT | M3: SUN | N3: MON | O3: TUE | P3: WED | Q3: THU | R3: FRI | S3: SAT | T3: SUN | U3: MON | V3: TUE | W3: WED | X3: THU | Y3: FRI | Z3: SAT | AA3: SUN | AB3: MON | AC3: TUE | AD3: WED | AE3: THU
A4: Personnel | B4: 1 | C4: 2 | D4: 3 | E4: 4 | F4: 5 | G4: 6 | H4: 7 | I4: 8 | J4: 9 | K4: 10 | L4: 11 | M4: 12 | N4: 13 | O4: 14 | P4: 15 | Q4: 16 | R4: 17 | S4: 18 | T4: 19 | U4: 20 | V4: 21 | W4: 22 | X4: 23 | Y4: 24 | Z4: 25 | AA4: 26 | AB4: 27 | AC4: 28 | AD4: 29 | AE4: 30 | AG4: 24 | AJ4: 3 | AK4: 1 | AL4: 2 | AM4: DO | AN4: R | AO4: 4 | AP4: 5
A5: MACUNTE | B5: R | C5: R | D5: R | E5: DO | F5: DO | G5: R | H5: R | I5: R | J5: R | K5: R | L5: 2 | M5: DO | N5: R | O5: R | P5: R | Q5: R | R5: R | S5: DO | T5: 2 | U5: R | V5: R | W5: R | X5: R | Y5: R | Z5: DO | AA5: 2 | AB5: R | AC5: R | AD5: R | AE5: R | AG5: =AR5 -> 25 | AJ5: =COUNTIF($B5:$AF5,3) -> 0 | AK5: =COUNTIF($B5:$AF5,1) -> 0 | AL5: =COUNTIF($B5:$AF5,2) -> 3 | AM5: =COUNTIF($B5:$AF5,"DO") -> 5 | AN5: =COUNTIF($B5:$AF5,"R") -> 22 | AO5: =COUNTIF($B5:$AF5,4) -> 0 | AP5: =COUNTIF($B5:$AF5,5) -> 0 | AQ5: =SUM(AJ5:AN5) -> 30 | AR5: =AP5+AO5+AN5+AL5+AK5+AJ5 -> 25 | AT5: =COUNTIF($B5:$P5,3) -> 0 | AU5: =COUNTIF($B5:$P5,1) -> 0 | AV5: =COUNTIF($B5:$P5,2) -> 1 | AW5: =COUNTIF($B5:$P5,"DO") -> 3 | AX5: =COUNTIF($B5:$P5,"R") -> 11 | AY5: =SUM(AT5:AX5) -> 15
A7: ALFECHE | B7: 4 | C7: 5 | D7: 1 | E7: DO | F7: 5 | G7: 1 | H7: 2 | I7: DO | J7: DO | K7: R | L7: 3 | M7: 4 | N7: 5 | O7: 1 | P7: 3 | Q7: 4 | R7: 5 | S7: 1 | T7: 3 | U7: 4 | V7: 3 | W7: 1 | X7: 5 | Y7: 1 | Z7: 5 | AA7: 1 | AB7: 3 | AC7: 1 | AD7: DO | AE7: 5 | AG7: =AR7 -> 26 | AJ7: =COUNTIF($B7:$AF7,3) -> 5 | AK7: =COUNTIF($B7:$AF7,1) -> 8 | AL7: =COUNTIF($B7:$AF7,2) -> 1 | AM7: =COUNTIF($B7:$AF7,"DO") -> 4 | AN7: =COUNTIF($B7:$AF7,"R") -> 1 | AO7: =COUNTIF($B7:$AF7,4) -> 4 | AP7: =COUNTIF($B7:$AF7,5) -> 7 | AQ7: =SUM(AJ7:AN7) -> 19 | AR7: =AP7+AO7+AN7+AL7+AK7+AJ7 -> 26 | AT7: =COUNTIF($B7:$P7,3) -> 2 | AU7: =COUNTIF($B7:$P7,1) -> 3 | AV7: =COUNTIF($B7:$P7,2) -> 1 | AW7: =COUNTIF($B7:$P7,"DO") -> 3 | AX7: =COUNTIF($B7:$P7,"R") -> 1 | AY7: =SUM(AT7:AX7) -> 10
Z8: R | AA8: R
A9: MICABALO | B9: R | C9: R | D9: DO | E9: 5 | F9: 1 | G9: 2 | H9: 3 | I9: 4 | J9: 2 | K9: 3 | L9: 1 | M9: 5 | N9: 1 | O9: 3 | P9: 4 | Q9: 5 | R9: 1 | S9: 2 | T9: DO | U9: 5 | V9: 1 | W9: 5 | X9: 1 | Y9: 2 | Z9: 2 | AA9: 5 | AB9: 1 | AC9: 3 | AD9: 4 | AE9: 3 | AG9: =AR9 -> 28 | AJ9: =COUNTIF($B9:$AF9,3) -> 5 | AK9: =COUNTIF($B9:$AF9,1) -> 7 | AL9: =COUNTIF($B9:$AF9,2) -> 5 | AM9: =COUNTIF($B9:$AF9,"DO") -> 2 | AN9: =COUNTIF($B9:$AF9,"R") -> 2 | AO9: =COUNTIF($B9:$AF9,4) -> 3 | AP9: =COUNTIF($B9:$AF9,5) -> 6 | AQ9: =SUM(AJ9:AN9) -> 21 | AR9: =AP9+AO9+AN9+AL9+AK9+AJ9 -> 28 | AT9: =COUNTIF($B9:$P9,3) -> 3 | AU9: =COUNTIF($B9:$P9,1) -> 3 | AV9: =COUNTIF($B9:$P9,2) -> 2 | AW9: =COUNTIF($B9:$P9,"DO") -> 1 | AX9: =COUNTIF($B9:$P9,"R") -> 2 | AY9: =SUM(AT9:AX9) -> 11
A11: PACTURANAN | B11: 3 | C11: 4 | D11: 3 | E11: 4 | F11: DO | G11: 5 | H11: 1 | I11: 5 | J11: 1 | K11: 5 | L11: 1 | M11: DO | N11: 3 | O11: 4 | P11: 5 | Q11: 1 | R11: 3 | S11: 4 | T11: DO | U11: 3 | V11: 4 | W11: 3 | X11: 1 | Y11: 5 | Z11: 1 | AA11: DO | AB11: 3 | AC11: 4 | AD11: 3 | AE11: 4 | AG11: =AR11 -> 26 | AJ11: =COUNTIF($B11:$AF11,3) -> 8 | AK11: =COUNTIF($B11:$AF11,1) -> 6 | AL11: =COUNTIF($B11:$AF11,2) -> 0 | AM11: =COUNTIF($B11:$AF11,"DO") -> 4 | AN11: =COUNTIF($B11:$AF11,"R") -> 0 | AO11: =COUNTIF($B11:$AF11,4) -> 7 | AP11: =COUNTIF($B11:$AF11,5) -> 5 | AQ11: =SUM(AJ11:AN11) -> 18 | AR11: =AP11+AO11+AN11+AL11+AK11+AJ11 -> 26 | AT11: =COUNTIF($B11:$P11,3) -> 3 | AU11: =COUNTIF($B11:$P11,1) -> 3 | AV11: =COUNTIF($B11:$P11,2) -> 0 | AW11: =COUNTIF($B11:$P11,"DO") -> 2 | AX11: =COUNTIF($B11:$P11,"R") -> 0 | AY11: =SUM(AT11:AX11) -> 8
A13: RUDINAS | B13: 5 | C13: 1 | D13: 3 | E13: 1 | F13: 3 | G13: 4 | H13: DO | I13: DO | J13: DO | K13: R | L13: DO | M13: 3 | N13: 4 | O13: 5 | P13: 1 | Q13: 3 | R13: 4 | S13: 5 | T13: 1 | U13: 2 | V13: 3 | W13: 4 | X13: 2 | Y13: 3 | Z13: 1 | AA13: 3 | AB13: 4 | AC13: 5 | AD13: 1 | AE13: 2 | AG13: =AR13 -> 26 | AJ13: =COUNTIF($B13:$AF13,3) -> 7 | AK13: =COUNTIF($B13:$AF13,1) -> 6 | AL13: =COUNTIF($B13:$AF13,2) -> 3 | AM13: =COUNTIF($B13:$AF13,"DO") -> 4 | AN13: =COUNTIF($B13:$AF13,"R") -> 1 | AO13: =COUNTIF($B13:$AF13,4) -> 5 | AP13: =COUNTIF($B13:$AF13,5) -> 4 | AQ13: =SUM(AJ13:AN13) -> 21 | AR13: =AP13+AO13+AN13+AL13+AK13+AJ13 -> 26 | AT13: =COUNTIF($B13:$P13,3) -> 3 | AU13: =COUNTIF($B13:$P13,1) -> 3 | AV13: =COUNTIF($B13:$P13,2) -> 0 | AW13: =COUNTIF($B13:$P13,"DO") -> 4 | AX13: =COUNTIF($B13:$P13,"R") -> 1 | AY13: =SUM(AT13:AX13) -> 11
A15: LUSPO | B15: R | C15: R | D15: 2 | E15: 3 | F15: 4 | G15: 3 | H15: 1 | I15: R | J15: 3 | K15: 4 | L15: 3 | M15: 1 | N15: R | O15: R | P15: R | Q15: DO | R15: 2 | S15: DO | T15: 5 | U15: 1 | V15: 2 | W15: 2 | X15: 3 | Y15: 4 | Z15: 3 | AA15: 4 | AB15: 2 | AC15: 2 | AD15: 5 | AE15: 1 | AG15: =AR15 -> 28 | AJ15: =COUNTIF($B15:$AF15,3) -> 6 | AK15: =COUNTIF($B15:$AF15,1) -> 4 | AL15: =COUNTIF($B15:$AF15,2) -> 6 | AM15: =COUNTIF($B15:$AF15,"DO") -> 2 | AN15: =COUNTIF($B15:$AF15,"R") -> 6 | AO15: =COUNTIF($B15:$AF15,4) -> 4 | AP15: =COUNTIF($B15:$AF15,5) -> 2 | AQ15: =SUM(AJ15:AN15) -> 24 | AR15: =AP15+AO15+AN15+AL15+AK15+AJ15 -> 28 | AT15: =COUNTIF($B15:$P15,3) -> 4 | AU15: =COUNTIF($B15:$P15,1) -> 2 | AV15: =COUNTIF($B15:$P15,2) -> 1 | AW15: =COUNTIF($B15:$P15,"DO") -> 0 | AX15: =COUNTIF($B15:$P15,"R") -> 6 | AY15: =SUM(AT15:AX15) -> 13
A18: Legend: | D18: 1 | E18: - | F18: 0000H | H18: - | I18: 0800H | M18: R | N18: - | O18: 0800H | Q18: - | R18: 1700H
D19: 2 | E19: - | F19: 0800H | H19: - | I19: 1600H | M19: DO | N19: - | O19: Day off
D20: 3 | E20: - | F20: 1600H | H20: - | I20: 2400H
A22: Prepared By: | L22: Reviewed By: | Y22: Noted By:
B24: J.O.H. LUSPO | N24: E.L. ADIONG | AA24: J.M.M. MATA
B25: Engineer II | N25: Prin. Engr. A, GPD | AA25: OIC-Division Manager, GPD

Sheet Sheet4
A1: For the month of May 2024
A2: Name of | B2: WED | C2: THU | D2: FRI | E2: SAT | F2: SUN | G2: MON | H2: TUE | I2: WED | J2: THU | K2: FRI | L2: SAT | M2: SUN | N2: MON | O2: TUE | P2: WED | Q2: THU | R2: FRI | S2: SAT | T2: SUN | U2: MON | V2: TUE | W2: WED | X2: THU | Y2: FRI | Z2: SAT | AA2: SUN | AB2: MON | AC2: TUE | AD2: WED | AE2: THU | AF2: FRI
A3: Personnel | B3: 1 | C3: 2 | D3: 3 | E3: 4 | F3: 5 | G3: 6 | H3: 7 | I3: 8 | J3: 9 | K3: 10 | L3: 11 | M3: 12 | N3: 13 | O3: 14 | P3: 15 | Q3: 16 | R3: 17 | S3: 18 | T3: 19 | U3: 20 | V3: 21 | W3: 22 | X3: 23 | Y3: 24 | Z3: 25 | AA3: 26 | AB3: 27 | AC3: 28 | AD3: 29 | AE3: 30 | AF3: 31 | AG3: 24
A4: MACUNTE | AG4: =AS4 -> 0
A6: ALFECHE | H6: 3 | I6: 1 | J6: DO | K6: DO | L6: 3 | M6: 1 | P6: 3 | Q6: 1 | R6: DO | S6: DO | T6: 3 | U6: 1 | AG6: =AS6 -> 0
H7: R | I7: R | J7: R
A8: MICABALO | X8: 3 | Y8: 1 | Z8: DO | AA8: DO | AB8: DO | AC8: 3 | AD8: 1 | AG8: =AS8 -> 0
A10: PACTURANAN | AG10: =AS10 -> 0
A12: RUDINAS | H12: R | I12: R | J12: R | X12: 3 | Y12: 1 | Z12: DO | AA12: DO | AB12: DO | AC12: DO | AD12: DO | AE12: 3 | AF12: 1 | AG12: =AS12 -> 0
A14: LUSPO | E14: 3 | F14: 1 | G14: DO | H14: DO | I14: DO | J14: 3 | K14: 1 | AD14: 3 | AE14: 1 | AF14: DO | AG14: =AS14 -> 0
